NAME	DESKV	LINE_TYPE	INSTALL_DATE	LENGTH	ALT_NUM_1	OPCO_1_NAME	OPCO_1_EAS_NUMBER	STATUS	OWNING_COMPANY	OBJECTID
Hawthorne Tap	138 kV	Tap	12/31/75	915.91	81-545A	Public Service of Oklahoma	TLN114:0545A	In service	AEP - PSO	271102
Tulsa North 138 - Wekiwa	138 kV	Line	12/31/78	104369.43	81-528	Public Service of Oklahoma	TLN114:0528	In service	AEP - PSO	287326
Sand Springs - Wildhorse	138 kV	Line	12/31/54	119189.16	81-806	Public Service of Oklahoma	TLN114:0806	In service	AEP - PSO	287342
Highway 20 Tap	138 kV	Tap	12/31/00	32475.18	81-806A	Public Service of Oklahoma	TLN114:0806A	In service	AEP - PSO	287374
Hominy Tap	138 kV	Tap	12/31/76	34656.64	81-806B	Public Service of Oklahoma	TLN114:0806B	In service	AEP - PSO	287390
Cornville - Duncan	138 kV	Line	12/31/48	220268.22	81-821	Public Service of Oklahoma	TLN114:0821	In service	AEP - PSO	287406
Riverside Power Station - Redbud (OG&E)	345 kV	Line	12/31/75	278683	90-907	Public Service of Oklahoma	TLN114:0907	In service	AEP - PSO	287422
Lawton Eastside 345 - Sunnyside (OG&E)	345 kV	Line	12/31/81	376462.46	90-916	Public Service of Oklahoma	TLN114:0916	In service	AEP - PSO	287438
Pittsburg 345 - Sunnyside(OG&E)	345 kV	Line	12/31/79	464005.44	90-915	Public Service of Oklahoma	TLN114:0915	In service	AEP - PSO	287454
Barnsdall Tap - Tulsa North 138	138 kV	Line	12/31/66	134531.09	81-843	Public Service of Oklahoma	TLN114:0843	In service	AEP - PSO	287486
Okmulgee City - Riverside Power Station	138 kV	Line	12/31/78	138078.35	81-837	Public Service of Oklahoma	TLN114:0837	In service	AEP - PSO	287502
Okmulgee - Weleetka  	138 kV	Line	12/31/54	123987.25	81-805	Public Service of Oklahoma	TLN114:0805	In service	AEP - PSO	287518
Northeast Station - Tulsa North 345	345 kV	Line	12/31/68	119893.44	90-909	Public Service of Oklahoma	TLN114:0909	In service	AEP - PSO	287534
Bartlesville Southeast - Nowata	138 kV	Line	12/31/99	76714.31	81-549	Public Service of Oklahoma	TLN114:0549	In service	AEP - PSO	287550
Northeastern Power Station - Nowata	138 kV	Line	12/31/78	106494.15	81-815	Public Service of Oklahoma	TLN114:0815	In service	AEP - PSO	287566
Coffeyville Tap - City of Coffeyville "B"	138 kV	Tap	12/31/74	14480.4	81-826A	Public Service of Oklahoma	TLN114:0826A	In service	AEP - PSO	287582
Idabel - Valliant 345	138 kV	Line		94107.88	81-516	Public Service of Oklahoma	TLN114:0516	In service	AEP - PSO	287646
Lydia - Valliant (PSO)	345 kV	Line	12/31/68	109506.56	90-905	Public Service of Oklahoma	TLN114:0905	In service	AEP - PSO	287662
Bartlesville Southeast - Northeastern Station 	138 kV	Line	12/31/99	128383.69	81-816	Public Service of Oklahoma	TLN114:0816	In service	AEP - PSO	287694
Bartlesville SE - Dearing (KG&E)	138 kV	Line	12/31/62	119131.32	81-826	Oklahoma TransCo	TLN386:00826	In service	AEP - Oklahoma TransCo	287710
Delaware - Northeastern Station 345	345 kV	Line	12/31/72	157870.11	90-908	Public Service of Oklahoma	TLN114:0908	In service	AEP - PSO	287726
Delaware 345 - Neosho (KG&E)	345 kV	Line	12/31/72	130065.2	90-922	Public Service of Oklahoma	TLN114:0922	In service	AEP - PSO	287742
SWPA Interconnect Tap	138 kV	Line	12/31/49	13913.01	81-569	Public Service of Oklahoma	TLN114:0802A	In service	AEP - PSO	287774
Pittsburg 345 - Seminole(OG&E)	345 kV	Line	12/31/68	58031.65	90-917	Public Service of Oklahoma	TLN114:0917	In service	AEP - PSO	287806
Delaware 345 - City of Coffeyville "B"	138 kV	Line		82237.97	81-564	Public Service of Oklahoma	TLN114:0564	In service	AEP - PSO	287822
Oneta - Clarksville 345(SWEPCO)	345 kV	Line	12/31/64	85752.97	90-901	Public Service of Oklahoma	TLN114:0901	In service	AEP - PSO	287838
Oneta - Riverside Power Station	345 kV	Line	12/31/78	96578.14	90-902	Public Service of Oklahoma	TLN114:0902	In service	AEP - PSO	287854
Mound Road - Shidler	138 kV	Line		217771.5	81-558	Public Service of Oklahoma	TLN114:0558	In service	AEP - PSO	287870
Comanche Tap	138 kV	Tap		3736.47	81-827A	Public Service of Oklahoma	TLN114:0840A	In service	AEP - PSO	287902
Bartlesville Comanche - Blake	69 kV	Line	12/31/57	91553.14	66-113	Public Service of Oklahoma	TLN114:0113	In service	AEP - PSO	287918
Copan South Tap	69 kV	Tap		222.6	66-113A	Public Service of Oklahoma	TLN114:0113A	In service	AEP - PSO	287934
Bartlesville Southeast - Shidler	138 kV	Line		35965.65	81-827	Public Service of Oklahoma	TLN114:0827	In service	AEP - PSO	287950
Vinita Junction - Hockerville (EDE)	138 kV	Line	12/31/91	192004.47	81-557	Public Service of Oklahoma	TLN114:0557	In service	AEP - PSO	287966
Northeastern - Vinita JCT	138 kV	Line	12/31/89	252565.16	81-545	Public Service of Oklahoma	TLN114:0545	In service	AEP - PSO	287982
Riverside Power Station - Wekiwa	345 kV	Line	12/31/75	114238	90-906	Public Service of Oklahoma	TLN114:0906	In service	AEP - PSO	288014
Henryetta - Weleetka	138 kV	Line	12/31/02	70432.27	81-567	Public Service of Oklahoma	TLN114:00567	In service	AEP - PSO	288030
Weleetka - Okemah	69 kV	Line	12/31/62	63447.17	66-138	Public Service of Oklahoma	TLN114:0138	In service	AEP - PSO	288046
Weleetka Power Station - Fixico (OG&E)	69 kV	Line		58096.13	66-103	Public Service of Oklahoma	TLN114:0103	In service	AEP - PSO	288126
Grove - Noel (EDE)	161 kV	Line	12/31/91	40261.59	81-555	Public Service of Oklahoma	TLN114:0555	In service	AEP - PSO	288142
Grove - Pryor Junction 	138 kV	Line	12/31/92	253777.71	81-554	Public Service of Oklahoma	TLN114:0554	In service	AEP - PSO	288158
Jay Tap	138 kV	Tap	12/31/94	835.65	81-554A	Public Service of Oklahoma	TLN114:0554A	In service	AEP - PSO	288174
Pryor Junction - Vinita	69 kV	Line	12/31/63	135611.57	66-142	Public Service of Oklahoma	TLN114:0142	In service	AEP - PSO	288190
Adair Tap	69 kV	Tap		155.53	142A	Public Service of Oklahoma	TLN114:0142A	In service	AEP - PSO	288206
Pryor JCT - Markham Ferry (GRDA)	138 kV	Line	12/31/62	54282.23	81-824	Public Service of Oklahoma	TLN114:0824	In service	AEP - PSO	288222
Pryor Junction - Maid	138 kV	Line	12/31/89	33236.67	81-546	Public Service of Oklahoma	TLN114:0546	In service	AEP - PSO	288238
Pryor City (GRDA) - Pryor Junction	69 kV	Line	12/31/62	24668.28	66-140	Public Service of Oklahoma	TLN114:0140	In service	AEP - PSO	288254
Pryor Continental Pipe Tap	69 kV	Tap	12/31/64	22807.07	66-141A	Public Service of Oklahoma	TLN114:0141A	In service	AEP - PSO	288270
Chouteau - Pryor City (GRDA)	69 kV	Line	12/31/83	28155.82	66-141	Public Service of Oklahoma	TLN114:0141	In service	AEP - PSO	288286
Broken Arrow Water Plant Tap	138 kV	Tap	12/31/12	16422.19	66-106B	Oklahoma TransCo	TLN386:81598	In service	AEP - Oklahoma TransCo	288334
Wright City Tap	69 kV	Line	12/31/69	43307.9	66-145	Public Service of Oklahoma	TLN114:0145A	In service	AEP - PSO	288366
Hugo - Valliant 345	69 kV	Line	12/31/54	178133.84	66-119	Public Service of Oklahoma	TLN114:0119	In service	AEP - PSO	288382
McGee Creek Pump Station Tap	69 kV	Tap	12/31/82	20634.76	66-130B	Public Service of Oklahoma	TLN114:0130B	In service	AEP - PSO	288398
SWPA Tap - Explorer Pump (Holdenville)	138 kV	Line	12/31/73	2244.84	81-517	Public Service of Oklahoma	TLN114:0517	In service	AEP - PSO	288414
Tupelo (SWPA) - Atoka	138 kV	Line	12/31/83	129539.44	81-823	Public Service of Oklahoma	TLN114:0823	In service	AEP - PSO	288430
Colgate Pump Tap	138 kV	Tap		3221.3	81-823A	Public Service of Oklahoma	TLN114:0823A	In service	AEP - PSO	288462
Allen Transoak Tap	138 kV	Tap	12/31/73	43977.36	81-823C	Public Service of Oklahoma	TLN114:0823C	In service	AEP - PSO	288478
Atoka - McAlester  	138 kV	Line	4/25/17	160890.38	66-117	Oklahoma TransCo	TLN386:81595	In service	AEP - Oklahoma TransCo	288494
Atoka Pump Tap	69 kV	Tap	12/31/87	1510.59	66-117A	Public Service of Oklahoma	TLN114:0117A	In service	AEP - PSO	288510
Red Oak - Talihina West Tap	69 kV	Line	12/31/73	77084.7	66-118	Public Service of Oklahoma	TLN114:0118	In service	AEP - PSO	288542
Enogex Tap	138 kV	Tap		5597.37	81-836B	Public Service of Oklahoma	TLN114:0836B	In service	AEP - PSO	288558
Eufaula (SWPA) - Red Oak	138 kV	Line	12/31/63	202097.7	81-836	Public Service of Oklahoma	TLN114:0836	In service	AEP - PSO	288574
Lone Oak - Red Oak	69 kV	Line	12/31/46	141656.64	66-111	Public Service of Oklahoma	TLN114:0111	In service	AEP - PSO	288590
Wilburton Tap	69 kV	Tap		97.01	66-111A	Public Service of Oklahoma	TLN114:0111A	In service	AEP - PSO	288606
Craig Junction - Idabel	138 kV	Line		94541.3	81-561	Public Service of Oklahoma	TLN114:0561	In service	AEP - PSO	288638
Pittsburg 345 - Valliant 345	345 kV	Line	12/31/68	371163.97	90-904	Public Service of Oklahoma	TLN114:0904	In service	AEP - PSO	288654
Northeastern Power Station - Oneta	345 kV	Line	12/31/82	164387.34	90-903	Public Service of Oklahoma	TLN114:0903	In service	AEP - PSO	288670
Ramona Tap	69 kV	Tap	12/31/81	480.09	66-147	Public Service of Oklahoma	TLN114:0147	In service	AEP - PSO	288686
Barnsdall Tap - Mound Road	138 kV	Line	12/31/93	93360.14	81-552	Public Service of Oklahoma	TLN114:0552	In service	AEP - PSO	288702
Atoka - Hugo	69 kV	Line	12/31/46	262284.01	66-130	Public Service of Oklahoma	TLN114:0130	In service	AEP - PSO	288718
McAlester - Lone Oak	138 kV	Line		71602.67	81-539	Public Service of Oklahoma	TLN114:0539	In service	AEP - PSO	288734
McAlester South Tap	138 kV	Tap	12/31/85	30596.35	81-539A	Public Service of Oklahoma	TLN114:0539A	In service	AEP - PSO	288750
McAlester City Extension	138 kV	Extension	2/29/12	29594.95	81-584	Oklahoma TransCo	TLN386:81584	In service	AEP - Oklahoma TransCo	288766
Weatherford Junction - Jensen (OG&E)	138 kV	Line		229277.68	81-535	Public Service of Oklahoma	TLN114:0535	In service	AEP - PSO	288782
Elk City - Hobart JCT	138 kV	Line	12/31/62	174915.51	81-510	Public Service of Oklahoma	TLN114:0510	In service	AEP - PSO	288798
Clinton Jct - Weatherford Jct	138 kV	Line		99771.64	81-506	Public Service of Oklahoma	TLN114:0506	In service	AEP - PSO	288814
Clinton Natural Gas Tap	138 kV	Tap	12/31/80	4851.15	81-506A	Public Service of Oklahoma	TLN114:0506A	In service	AEP - PSO	288830
Elk City - Clinton Junction	138 kV	Line		127632.83	81-511	Public Service of Oklahoma	TLN114:0511	In service	AEP - PSO	288846
Clinton Sherman AFB Tap	138 kV	Tap	12/31/72	24391.42	81-510A	Public Service of Oklahoma	TLN114:0510A	In service	AEP - PSO	288862
Russell (WFEC) - Lake Pauline (WTU)	138 kV	Line	12/31/83	89588.32	81-845	Public Service of Oklahoma	TLN114:0845	In service	AEP - PSO	288878
Hobart Junction - Russell (WFEC)	138 kV	Line	12/31/80	211448.17	81-820	Public Service of Oklahoma	TLN114:0820	In service	AEP - PSO	288894
Hobart - Snyder	69 kV	Line	12/31/42	150327.78	66-606	Public Service of Oklahoma	TLN114:0606	In service	AEP - PSO	288910
Altus Junction Tap	138 kV	Tap	12/31/70	20426.24	81-820A	Public Service of Oklahoma	TLN114:0820A	In service	AEP - PSO	288926
Roosevelt Amoco Tap	69 kV	Tap		3482.19	66-606A	Public Service of Oklahoma	TLN114:0606A	In service	AEP - PSO	288942
Frederick JCT - Vernon Main Street 	69 kV	Line	12/31/45	111445.83	66-624	Public Service of Oklahoma	TLN114:0624	In service	AEP - PSO	288958
Davidson Tap	69 kV	Tap	12/31/63	21313.53	66-624A	Public Service of Oklahoma	TLN114:0624A	In service	AEP - PSO	288974
Lawton Eastside 345 - Oklaunion	345 kV	Line	12/31/82	351709.28	90-918	Public Service of Oklahoma	TLN114:0918	In service	AEP - PSO	288990
Tulsa North - American Airlines	138 kV	Line	12/31/89	58457.18	81-548	Public Service of Oklahoma	TLN114:0548	In service	AEP - PSO	289022
Cherokee Industrial Park Tap	138 kV	Tap	12/31/77	11456.27	81-829A	Public Service of Oklahoma	TLN114:0829A	In service	AEP - PSO	289038
Whirlpool Tap	138 kV	Tap	12/31/94	1755.42	81-548A	Public Service of Oklahoma	TLN114:0548A	In service	AEP - PSO	289054
Tulsa North - Mohawk	138 kV	Line	12/31/67	36936.48	81-846	Public Service of Oklahoma	TLN114:0846	In service	AEP - PSO	289070
Northeast Plant - Catoosa	138 kV	Tap	12/31/93	18614.2	81-817	Public Service of Oklahoma	TLN114:0817	In service	AEP - PSO	289086
Port of Catoosa Tap	138 kV	Line	12/31/81	10442.95	81-828B	Public Service of Oklahoma	TLN114:0828B	In service	AEP - PSO	289118
Terra Nitrogen Tap	138 kV	Tap	12/31/73	6914.89	81-828A	Public Service of Oklahoma	TLN114:0828A	In service	AEP - PSO	289134
Lynn Lane Tap	138 kV	Tap		5325.88	81-838	Public Service of Oklahoma	TLN114:0810	In service	AEP - PSO	289150
21st & 89th East Avenue Tap	138 kV	Tap	12/31/64	41773.9	81-838B	Public Service of Oklahoma	TLN114:0838B	In service	AEP - PSO	289166
Riverside Station - Tulsa Power Station	138 kV	Line		40912.61	81-550	Public Service of Oklahoma	TLN114:0550	In service	AEP - PSO	289214
Tulsa No. 1 - Riverside	138 kV	Line	12/31/74	52274.56	81-521	Public Service of Oklahoma	TLN114:00521	In service	AEP - PSO	289230
Jenks Tap	138 kV	Tap		249.28	81-521B	Public Service of Oklahoma	TLN114:0521B	In service	AEP - PSO	289246
Oaks 138 Tap	138 kV	Tap	12/31/97	16067.15	81-550A	Public Service of Oklahoma	TLN114:0550A	In service	AEP - PSO	289262
Riverside Power Station - Tulsa Power Station	138 kV	Line		31241.14	81-522	Public Service of Oklahoma	TLN114:0522	In service	AEP - PSO	289278
Sheffield Steel Co - Wekiwa	138 kV	Line	12/31/78	31061.72	81-534	Public Service of Oklahoma	TLN114:0534	In service	AEP - PSO	289294
Keystone (SWPA) - Wekiwa	138 kV	Line	12/31/85	10554.97	81-529	Public Service of Oklahoma	TLN114:0529	In service	AEP - PSO	289310
Sand Springs Sub - OG&E Interconnect	138 kV	Line		47507.16	81-818	Oklahoma TransCo	TLN386:81818	In service	AEP - Oklahoma TransCo	289326
Prattville Tap	138 kV	Tap	10/2/16	1690.63	81-818A	Oklahoma TransCo	TLN386:0818A	In service	AEP - Oklahoma TransCo	289342
Catoosa - Oneta	138 kV	Line	12/31/64	22721.14	81-838	Public Service of Oklahoma	TLN114:0838	In service	AEP - PSO	289358
Pine & Peoria Tap No2	138 kV	Tap	12/31/67	18279.75	81-846A	Public Service of Oklahoma	TLN114:0846A	In service	AEP - PSO	289374
Tulsa North - West Edison	138 kV	Line	12/31/73	53672.74	81-518	Public Service of Oklahoma	TLN114:0518	In service	AEP - PSO	289390
Catoosa - Dawson  	69 kV	Line	12/31/70	37963.22	66-109	Public Service of Oklahoma	TLN114:0109	In service	AEP - PSO	289422
Dawson - Owasso (GRDA)	69 kV	Line		33728.25	66-150	Public Service of Oklahoma	TLN114:0150	In service	AEP - PSO	289438
American Airlines - Catoosa  	138 kV	Line	12/31/90	50444.53	81-547	Public Service of Oklahoma	TLN114:0547	In service	AEP - PSO	289454
Catoosa - Northeastern Power Station	138 kV	Line	12/31/64	119443.76	81-828	Public Service of Oklahoma	TLN114:0828	In service	AEP - PSO	289470
TAP Catoosa -  NES	138 kV	Tap		4248.53	81-828	Public Service of Oklahoma	TLN114:0828	In service	AEP - PSO	289486
Southwestern Power - Cornville	138 kV	Line	12/31/66	143855.29	81-841	Public Service of Oklahoma	TLN114:00841	In service	AEP - PSO	289582
Chickasha North 29th Street Tap	138 kV	Tap		144.76	81-841B	Public Service of Oklahoma	TLN114:0841B	In service	AEP - PSO	289598
Verden Natural Gas Tap	138 kV	Tap		2177.86	81-841C	Public Service of Oklahoma	TLN114:0841C	In service	AEP - PSO	289614
Snyder - Altus Junction	69 kV	Line	12/31/47	118437.12	66-608	Public Service of Oklahoma	TLN114:0608	In service	AEP - PSO	289630
Tap - 66-608A to interconnect 66-601A	69 kV	Line	12/31/87	37191.58	66-608A	Public Service of Oklahoma	TLN114:0608A	In service	AEP - PSO	289662
Lawton 112th & West Gore - Snyder	138 kV	Line	12/31/75	144260.21	81-542	Public Service of Oklahoma	TLN114:0542	In service	AEP - PSO	289694
Cache Tap	138 kV	Tap		219.88	542A	Public Service of Oklahoma	TLN114:0542A	In service	AEP - PSO	289710
Comanche Power Station - Walters Jct	69 kV	Line	12/31/71	66655.09	66-629	Public Service of Oklahoma	TLN114:0629	In service	AEP - PSO	289726
OMPA Walters City Tap	69 kV	Tap		8614.98	66-629C	Public Service of Oklahoma	TLN114:0629C	In service	AEP - PSO	289742
Lawton Relift Tap	69 kV	Tap	12/31/77	10020.58	66-629B	non AEP	TLN114:0629B	In service	Waurika Conservancy District	289758
Lawton Disposal Plant Tap	69 kV	Tap	12/31/74	20346.68	66-629A	Public Service of Oklahoma	TLN114:0629A	In service	AEP - PSO	289774
Elk City - Grapevine (SPS)	230 kV	Line	12/31/71	179576.91	85-100	Public Service of Oklahoma	TLN114:0100	In service	AEP - PSO	293262
Kiamichi Pump Tap	69 kV	Tap		19159.45	66-119A	Public Service of Oklahoma	TLN114:0119A	In service	AEP - PSO	293278
Ogden Martin Tap	69 kV	Line	12/31/87	3564.78	66-131B	Public Service of Oklahoma	TLN114:0131B	In service	AEP - PSO	293310
Afton Continental Pipeline Tap	69 kV	Line	12/31/87	6126.56	66-146A	Public Service of Oklahoma	TLN114:0146A	In service	AEP - PSO	293342
Zunis Tap South	138 kV	Tap	12/31/55	18289.73	81-520A	Public Service of Oklahoma	TLN114:0520A	In service	AEP - PSO	293374
Fulton Tap	138 kV	Line	12/31/74	4847.52	81-501B	Public Service of Oklahoma	TLN114:0501B	In service	AEP - PSO	293390
Weatherford City Tap	138 kV	Tap		14691.52	81-506B	Public Service of Oklahoma	TLN114:0506B	In service	AEP - PSO	293422
Warren Medical Center Tap	138 kV	Tap	12/31/73	16015.91	513A	Public Service of Oklahoma	TLN114:0513A	In service	AEP - PSO	293438
Oral Roberts Tap	138 kV	Line	12/31/76	6325.63	81-513B	Public Service of Oklahoma	TLN114:0513B	In service	AEP - PSO	293454
Denver Tap	138 kV	Line	12/31/74	10987.43	81-518B	Public Service of Oklahoma	TLN114:0518B	In service	AEP - PSO	293486
Carson Tap South	138 kV	Line	12/31/76	14167.42	808A	Public Service of Oklahoma	TLN114:0808A	In service	AEP - PSO	293518
Kenosha Tap	138 kV	Line	12/31/60	26338.2	81-501A	Public Service of Oklahoma	TLN114:0525B	In service	AEP - PSO	293534
Catoosa - Maid	138 kV	Line	12/31/88	132370	81-526	Public Service of Oklahoma	TLN114:0526	In service	AEP - PSO	293550
Inola Tap	138 kV	Line	12/31/75	10644.77	81-526A	Public Service of Oklahoma	TLN114:0526A	In service	AEP - PSO	293566
Elk City - Sayre	138 kV	Line	12/31/95	100943.48	81-537	Public Service of Oklahoma	TLN114:0537	In service	AEP - PSO	293614
Lawton Eastside - Sheridan Road	138 kV	Line	12/31/88	38704.86	81-540	Public Service of Oklahoma	TLN114:0540	In service	AEP - PSO	293630
Lawton Westside Tap	138 kV	Tap		8087.26	541A	Public Service of Oklahoma	TLN114:0541A	In service	AEP - PSO	293646
Lawton Air Products Tap	138 kV	Line		3224.87	542B	Public Service of Oklahoma	TLN114:0542B	In service	AEP - PSO	293662
Broken Bow Tap	138 kV	Line	12/31/93	12428.2	81-561A	Public Service of Oklahoma	TLN114:0561A	In service	AEP - PSO	293710
Lawton Gore Tap	69 kV	Tap	12/31/88	3194.09	607A	Public Service of Oklahoma	TLN114:0607A	In service	AEP - PSO	293742
Duncan Relift Tap	69 kV	Tap		328.27	66-610B	non AEP	TLN114:0610B	In service	Waurika Conservancy District	293774
Cornville - Cyril	69 kV	Line		92936.05	66-613	Public Service of Oklahoma	TLN114:0613	In service	AEP - PSO	293806
Fort Sill - Porter Hill	69 kV	Line		53577.13	66-617	Public Service of Oklahoma	TLN114:0617	In service	AEP - PSO	293822
Waurika Lake Tap	69 kV	Line	12/31/78	20376.83	66-630C	non AEP	TLN114:0630C	In service	Waurika Conservancy District	293886
Broken Arrow North Tap No. 2	138 kV	Line	12/31/65	21077.26	81-838A	Public Service of Oklahoma	TLN114:0838A	In service	AEP - PSO	293918
Southern Hills Tap	138 kV	Tap	12/31/82	5805.57	81-809B	Public Service of Oklahoma	TLN114:0809B	In service	AEP - PSO	293934
West Edison Tap	138 kV	Line	12/31/65	18321.01	81-811A	Public Service of Oklahoma	TLN114:0811A	In service	AEP - PSO	293950
Oaks Tap	138 kV	Line	12/31/81	12899.69	81-812A	Public Service of Oklahoma	TLN114:0812A	In service	AEP - PSO	293966
Owasso Tap	138 kV	Line	12/31/81	3269.07	81-814A	Public Service of Oklahoma	TLN114:0814A	In service	AEP - PSO	293982
Rush Springs Natural Gas Tap	138 kV	Line	12/31/94	37010.09	81-821B	Public Service of Oklahoma	TLN114:0821B	In service	AEP - PSO	293998
Tuttle Conoco Tap	138 kV	Tap	12/31/83	25261.94	81-833A	Public Service of Oklahoma	TLN114:0833A	In service	AEP - PSO	294030
Dawson Tap	138 kV	Tap	12/31/65	12663.35	81-838C	Public Service of Oklahoma	TLN114:0838C	In service	AEP - PSO	294046
Yale & Archer Tap	138 kV	Line	12/31/67	19562.95	81-846C	Public Service of Oklahoma	TLN114:0846C	In service	AEP - PSO	294078
Fletcher Temple Eastex Tap	138 kV	Line	12/31/84	5933.63	81-848A	Public Service of Oklahoma	TLN114:0848A	In service	AEP - PSO	294094
Kelco - Okmulgee	138 kV	Line	12/31/01	12181.64	81 - 849	Public Service of Oklahoma	TLN114:0849	In service	AEP - PSO	294110
Hollis (PSO) - Hollis (WTU)	138 kV	Line		90548.61	81-531	Public Service of Oklahoma	TLN114:0531	In service	AEP - PSO	295358
Russell (WFEC) - Duke	69 kV	Line	12/31/71	13144.98	66-627	Public Service of Oklahoma	TLN114:0627	In service	AEP - PSO	295374
Cornville - Norge Road 	138 kV	Line		25832.9	81-509	Public Service of Oklahoma	TLN114:0509	In service	AEP - PSO	295390
Southwestern - Norge Road	138 kV	Line	12/31/63	118996.89	81-804	Public Service of Oklahoma	TLN114:0804	In service	AEP - PSO	295406
Army Ammo Tap	69 kV	Tap		12475.15	66-117B	Public Service of Oklahoma	TLN114:0117B	In service	AEP - PSO	295422
Valliant Weyco No. 2 Tap	138 kV	Tap	12/31/90	2255.86	81-507A	Public Service of Oklahoma	TLN114:0507A	In service	AEP - PSO	295438
Wilburton Transok Tap	138 kV	Tap	12/31/96	8480.54	81-835A	Public Service of Oklahoma	TLN114:0835A	In service	AEP - PSO	295454
Hobart Junction - Southwestern Power Station	138 kV	Line	12/31/50	135454.51	81-819	Public Service of Oklahoma	TLN114:0819	In service	AEP - PSO	295470
Foss Water Plant Tap	69 kV	Tap	12/31/72	66830.4	66-626A	Public Service of Oklahoma	TLN114:0626A	In service	AEP - PSO	295518
Southwestern - Lawton Eastside	138 kV	Line	12/31/50	211484.47	848	Public Service of Oklahoma	TLN114:00848	In service	AEP - PSO	295550
Cyril - Elgin JCT	69 kV	Line	12/31/84	48368.43	66-625	Public Service of Oklahoma	TLN114:0625	In service	AEP - PSO	295598
Elgin Jct - Porter Hill	69 kV	Line		35004.2	66-618	Public Service of Oklahoma	TLN114:0618	In service	AEP - PSO	295614
Park Lane - Altus JCT	138 kV	Line	12/31/07	14836.55		non AEP	TLN114:0608	In service	other	295630
Valliant  - Weyco 	138 kV	Line	12/31/70	20731.53	81-507	Public Service of Oklahoma	TLN114:0507	In service	AEP - PSO	295662
Oklaunion DC Tie - DC Terminal North	345 kV	Line	1/6/14	452.05	81-609	Public Service of Oklahoma	TLN114:81609	In service	AEP - PSO	295678
Valley Timbers Tap	69 kV	Line		2128.2	66-130C	Public Service of Oklahoma	TLN114:67130	In service	AEP - PSO	295694
Elk City - Hammon Junction	69 kV	Line		91163.12	66-631	Public Service of Oklahoma	TLN114:0631	In service	AEP - PSO	295710
Clinton Junction - Clinton	69 kV	Line		28797.61	66-626	Public Service of Oklahoma	TLN114:0626	In service	AEP - PSO	295726
Clinton - Weatherford	69 kV	Line	12/31/67	78991.11	66-622	Public Service of Oklahoma	TLN114:0622	In service	AEP - PSO	295742
Cornville - Cimarron (OG&E)	138 kV	Line	12/31/63	122588.23	81-833	Public Service of Oklahoma	TLN114:0833	In service	AEP - PSO	295758
Hobart Junction - Hobart City	69 kV	Line	12/31/63	10515.93	66-611	Public Service of Oklahoma	TLN114:0611	In service	AEP - PSO	295774
Lawton Eastside - Duncan	138 kV	Line	12/31/63	114729.07	81-840	Public Service of Oklahoma	TLN114:00840	In service	AEP - PSO	295806
Lawton Eastside 345 - Cimarron (OG&E)	345 kV	Line	12/31/84	112603.97	90-919	Public Service of Oklahoma	TLN114:0919	In service	AEP - PSO	295838
Lawton Eastside - Lawton 112th & West Gore	138 kV	Line		81368.1	81-527	Public Service of Oklahoma	TLN114:0527	In service	AEP - PSO	295854
Lawton Eastside - Lawton Wolf Creek	69 kV	Line	12/31/76	24385.38	66-619	Public Service of Oklahoma	TLN114:0619	In service	AEP - PSO	295870
Fort Sill - Lawton Eastside	69 kV	Line		44103.82	66-607	Public Service of Oklahoma	TLN114:0607	In service	AEP - PSO	295886
Oneta - Calpine (North)	345 kV	Line	10/30/01	709.66	90-924	Public Service of Oklahoma	TLN114:0924	In service	AEP - PSO	296062
Oneta - Calpine (South)	345 kV	Line	10/30/01	691.67	90-925	Public Service of Oklahoma	TLN114:0925	In service	AEP - PSO	296078
Sand Springs - Sheffield Steel	138 kV	Line		4102.08	81-813	Public Service of Oklahoma	TLN114:0813	In service	AEP - PSO	296110
Riverside Switchyard - Cogentrix Switchyard	345 kV	Line	12/31/00	5300.16	90-923	Public Service of Oklahoma	TLN114:00923	In service	AEP - PSO	296142
Comanche - Lawton 112th & West Gore	138 kV	Line	12/31/99	104453.63	81-565	Public Service of Oklahoma	TLN114:0565	In service	AEP - PSO	296158
Southwestern - Anadarko (WFEC)	138 kV	Line	12/31/70	39260.23	81-803	Public Service of Oklahoma	TLN114:0803	In service	AEP - PSO	296174
Lawton Sheridan Road - Lawton 112th & West Gore	138 kV	Line	12/31/87	37308.04	81-541	Public Service of Oklahoma	TLN114:0541	In service	AEP - PSO	296190
Rush Springs Chestnut St Tap	138 kV	Tap		10816.67	81-821A	Public Service of Oklahoma	TLN114:0821A	In service	AEP - PSO	296254
Whirlpool Tap 1	138 kV	Line	12/31/94	2664.03	81-829A	Public Service of Oklahoma	TLN114:0548A	In service	AEP - PSO	296270
Bartlesville Comanche -  Mound Road	138 kV	Line	12/31/66	15364.52	81-844	Public Service of Oklahoma	TLN114:0844	In service	AEP - PSO	296286
GRDA Tap - Explorer Pipeline Pump Station	69 kV	Tap	12/31/70	16773.98	66-146	Public Service of Oklahoma	TLN114:0146	In service	AEP - PSO	296302
Lone Star Tap	138 kV	Tap		871.02	81-824A	Public Service of Oklahoma	TLN114:0824A	In service	AEP - PSO	296318
Tulsa North 345 - GRDA #1	345 kV	Line	12/31/74	69634.08	90-910	Public Service of Oklahoma	TLN114:0910	In service	AEP - PSO	296334
Sand Springs - Tulsa Power Station	138 kV	Line	12/31/53	42033.94	81-808	Public Service of Oklahoma	TLN114:00808	In service	AEP - PSO	296350
Arkansas River Tap	138 kV	Tap		15090.83	81-553C	Public Service of Oklahoma	TLN114:0553C	In service	AEP - PSO	296366
Kimberly Clark - Bixby 111th Street	138 kV	Line	12/31/87	28502.77	81-551	Public Service of Oklahoma	TLN114:00551	In service	AEP - PSO	296382
Riverside - Kimberly Clark	138 kV	Line	12/31/86	16020.31	81-544	Public Service of Oklahoma	TLN114:0544	In service	AEP - PSO	296398
Oneta - Tulsa Southeast	138 kV	Line		96176.88	81-807	Public Service of Oklahoma	TLN114:0807	In service	AEP - PSO	296414
Bixby 111Th - Oneta	138 kV	Line	12/31/73	30818.88	81-514	Public Service of Oklahoma	TLN114:0514	In service	AEP - PSO	296430
Lawton Goodyear - Lawton 112th & Gore	138 kV	Line	12/31/77	3119.85	81-543	Public Service of Oklahoma	TLN114:0543	In service	AEP - PSO	296446
Bartlesville Southeast - Bartlesville Comanche	138 kV	Line	12/31/63	26101.49	81-559	Public Service of Oklahoma	TLN114:0559	In service	AEP - PSO	296510
Sand Springs - Denver	138 kV	Line	12/31/77	36708.49	81-524	Public Service of Oklahoma	TLN114:0524	In service	AEP - PSO	296526
Tulsa - Denver	138 kV	Line	12/31/76	31396.42	81-525	Public Service of Oklahoma	TLN114:0525	In service	AEP - PSO	296542
Oneta - 81st & Garnett	138 kV	Line	12/31/00	90866.83	81-560	Public Service of Oklahoma	TLN114:0560	In service	AEP - PSO	296558
Tulsa Power Station - 36th & Lewis	138 kV	Line	12/31/00	10561.99	81-519	Public Service of Oklahoma	TLN114:0519	In service	AEP - PSO	296574
Tulsa Southeast - 36th & Lewis	138 kV	Line	12/31/73	16150.05	81-520	Public Service of Oklahoma	TLN114:0520	In service	AEP - PSO	296590
52nd & Delaware Tap	138 kV	Tap		10746.57	81-520B	Public Service of Oklahoma	TLN114:0520B	In service	AEP - PSO	296606
Tulsa Southeast - East 61st Street	138 kV	Line		18673.05	81-556	Public Service of Oklahoma	TLN114:00556	In service	AEP - PSO	296622
96th & Yale - East 61st Street	138 kV	Line		29537.69	81-563	Public Service of Oklahoma	TLN114:0563	In service	AEP - PSO	296638
77th & Memorial Tap	138 kV	Tap		6856.03	81-553A	Public Service of Oklahoma	TLN114:0553A	In service	AEP - PSO	296654
Riverside - South Hudson	138 kV	Line	12/31/79	53835.8	81-809	Public Service of Oklahoma	TLN114:0809	In service	AEP - PSO	296670
81st & Yale Tap	138 kV	Tap	12/31/82	2491.35	81-809A	Public Service of Oklahoma	TLN114:0809A	In service	AEP - PSO	296686
Riverside - East 96th & Yale	138 kV	Line		12767.02	81-513	Public Service of Oklahoma	TLN114:0513	In service	AEP - PSO	296702
Delaware Tap	138 kV	Tap	12/31/67	20601.26	81-521A	Public Service of Oklahoma	TLN114:0521A	In service	AEP - PSO	296718
South Hudson - Tulsa Southeast	138 kV	Line		10244.7	81-503	Public Service of Oklahoma	TLN114:0503	In service	AEP - PSO	296734
Tulsa Southeast - Ford Glass Plant	138 kV	Line	12/31/73	26239.92	81-502	Public Service of Oklahoma	TLN114:00502	In service	AEP - PSO	296750
53rd & Garnett Tap	138 kV	Tap		3942.17	81-553B	Public Service of Oklahoma	TLN114:0553B	In service	AEP - PSO	296766
Oneta - Broken Arrow 81st	138 kV	Line		43092.18	81-512	Public Service of Oklahoma	TLN114:00512	In service	AEP - PSO	296782
Sand Springs - Tulsa Sunray	69 kV	Line	12/31/76	26899.83	66-112	Public Service of Oklahoma	TLN114:0112	In service	AEP - PSO	296798
Tulsa Power Station - Arkansas River	69 kV	Line	12/31/87	23032.95	66-131	Public Service of Oklahoma	TLN114:0131	In service	AEP - PSO	296814
21st & 89th Street Tap	138 kV	Tap		9720.65	81-810B	Public Service of Oklahoma	TLN114:0810B	In service	AEP - PSO	296830
15th & Fulton Tap	138 kV	Tap	12/31/67	15048.67	81-810C	Public Service of Oklahoma	TLN114:0810C	In service	AEP - PSO	296846
Union Avenue Refinery Tap	138 kV	Tap	12/31/87	3149.05	808B	Public Service of Oklahoma	TLN114:0808B	In service	AEP - PSO	296862
46th Street North Tap No1	138 kV	Tap	12/31/71	861.22	81-518A	Public Service of Oklahoma	TLN114:0518A	In service	AEP - PSO	296878
Mohawk - American Airlines	138 kV	Line	12/31/90	31353.24	81-562	Public Service of Oklahoma	TLN114:0562	In service	AEP - PSO	296894
Yale & Archer - Tulsa SE	138 kV	Line	12/31/67	23290.25	81-846C	Public Service of Oklahoma	TLN114:0501	In service	AEP - PSO	296926
SWPA Tap - Allen	138 kV	Line		72.67	81-517A	Public Service of Oklahoma	TLN114:0517A	In service	AEP - PSO	296942
Comanche - Lawton Eastside	138 kV	Line		29816	81-515	Public Service of Oklahoma	TLN114:00515	In service	AEP - PSO	296958
Sand Springs - Wekiwa Sub 	138 kV	Line	12/31/79	16895.93	81-811	Public Service of Oklahoma	TLN114:0811	In service	AEP - PSO	296974
Antlers Tap	69 kV	Tap		3914.61	66-130A	Public Service of Oklahoma	TLN114:0130A	In service	AEP - PSO	296990
Vinita - Vinita Junction	69 kV	Line	12/31/90	554.9	66-149	Public Service of Oklahoma	TLN114:0149	In service	AEP - PSO	297006
Broken Arrow 81st - Ford Glass	138 kV	Line		16140.04	81-566	Public Service of Oklahoma	TLN114:00566	In service	AEP - PSO	298462
Catoosa - Tulsa North	138 kV	Line		91442.4	81-829	Public Service of Oklahoma	TLN114:0829	In service	AEP - PSO	299806
Shidler - Osage (OGE)	138 kV	Line	12/31/63	27979.98	81-536	Public Service of Oklahoma	TLN114:0536	In service	AEP - PSO	299870
46th Street North Tap No2	138 kV	Tap	12/31/71	4407.47	81-846B	Public Service of Oklahoma	TLN114:0846B	In service	AEP - PSO	299886
Pine & Peoria Tap	138 kV	Tap	12/31/67	30767.65	81-528A	Public Service of Oklahoma	TLN114:0528A	In service	AEP - PSO	299902
Tulsa North 345 - Wekiwa 	345 kV	Line	12/31/78	92725.24	90-914	Public Service of Oklahoma	TLN114:0914	In service	AEP - PSO	299918
Stigler Tap	138 kV	Line	12/31/63	6970.27	81-836A	Public Service of Oklahoma	TLN114:0836A	In service	AEP - PSO	299950
Valliant 345kV - Georgia Pacific 	69 kV	Line	12/31/69	52862.97	66-145	Public Service of Oklahoma	TLN114:0145	In service	AEP - PSO	300014
Lawton Eastside - Southwestern	138 kV	Line	12/31/60	190206.19	81-825	Public Service of Oklahoma	TLN114:00825	In service	AEP - PSO	300046
Grove - Noel (EDE)	161 kV	Line	12/31/91	32741.95	81-555	non AEP	TLN114:0555	In service	Empire District Electric	305742
Carson Tap West	138 kV	Line	12/31/15	14097.69	81-811B	Public Service of Oklahoma	TLN114:0811B	In service	AEP - PSO	305790
Kelco - Henryetta	138 kV	Line	12/31/01	61229.15	81-849	Public Service of Oklahoma	TLN114:00568	In service	AEP - PSO	326158
Southern Hills Tap No. 2	138 kV	Tap	12/31/85	1005.37	81-522A	Public Service of Oklahoma	TLN114:0521C	In service	AEP - PSO	326238
Oral Roberts Tap No.2	138 kV	Line	12/31/82	3570.84	81-809C	Public Service of Oklahoma	TLN114:0809C	In service	AEP - PSO	326254
Warren Medical Center Tap No.2	138 kV	Tap	12/31/73	2464.84	809D	Public Service of Oklahoma	TLN114:0809D	In service	AEP - PSO	326270
Lynn Lane Tap No.2	138 kV	Tap	12/31/82	5462.47	81-810D	Public Service of Oklahoma	TLN114:0810D	In service	AEP - PSO	326286
Weatherford Southeast - Weatherford City	69 kV	Line	12/31/01	11695.05	66-632	Public Service of Oklahoma	TLN114:00632	In service	AEP - PSO	326302
Weatherford Southeast Extension	138 kV	Line		1293.77	81-570	Public Service of Oklahoma	TLN114:00570	In service	AEP - PSO	326318
Northeastern Power Station - Tulsa North 138	138 kV	Line		73160.53	81-817	Public Service of Oklahoma	TLN114:0814	In service	AEP - PSO	326366
Riverside Power Station - Okmulgee  	138 kV	Line	12/31/03	159833.75	81-802	Public Service of Oklahoma	TLN114:0802	In service	AEP - PSO	326382
VVEC Hulah Tap	69 kV	Line		422.64	66-113B	Public Service of Oklahoma	TLN114:0113B	In service	AEP - PSO	326558
Broken Arrow North Tap	138 kV	Line	12/31/65	17269.44	81-807A	Public Service of Oklahoma	TLN114:0807A	In service	AEP - PSO	326814
Northeast Station - Tulsa North 138	138 kV	Line	12/31/68	1634.61	81-822	Public Service of Oklahoma	TLN114:00822	In service	AEP - PSO	326830
Chouteau 138 kV Tap	138 kV	Tap	12/31/01	29764.68	81-526B	Public Service of Oklahoma	TLN114:0526B	In service	AEP - PSO	348351
Binger Tap	69 kV	Tap	12/31/61	48414.05	66-612A	Public Service of Oklahoma	TLN114:0612A	In service	AEP - PSO	349316
Southwestern Power Station - Weatherford City	69 kV	Line	12/31/50	31908.37	66-612	Public Service of Oklahoma	TLN114:0612	In service	AEP - PSO	358277
Riverside 138 - Riverside 345	138 kV	Line	12/31/06	7966.86	81-530	Public Service of Oklahoma	TLN114:0530	In service	AEP - PSO	362755
GRDA Silver City - Wekiwa	138 kV	Line	12/31/00	912.79	0	Public Service of Oklahoma	TLN114:0000	In service	GRDA	362761
Sapulpa Road Extension No.1	138 kV	Extension	12/31/06	27627.8	81-852	Public Service of Oklahoma	TLN114:00852	In service	AEP - PSO	363727
Sapulpa Road Extension No.2	138 kV	Extension	12/31/06	26792.81	81-851	Public Service of Oklahoma	TLN114:00851	In service	AEP - PSO	370434
Altus Junction - Snyder 	138 kV	Line	12/31/07	136243.25	81-579	Public Service of Oklahoma	TLN114:00853	In service	AEP - PSO	383599
Mow-Way Extension (West)	138 kV	Extension	12/31/07	19750.97	81-577	Public Service of Oklahoma	TLN114:00577	In service	AEP - PSO	394779
Tulsa Southeast - Oneta	138 kV	Line	12/31/94	11310.94	81-553	Public Service of Oklahoma	TLN114:00553	In service	AEP - PSO	399570
Sayre - Erick (WFEC)	138 kV	Line	12/31/07	53170.64	81-582	Public Service of Oklahoma	TLN114:00582	In service	AEP - PSO	399888
Craig Junction - Broken Bow (SWPA)	138 kV	Line	12/31/69	49555.11	81-504	Public Service of Oklahoma	TLN114:0504	In service	AEP - PSO	404706
Red Oak Pump Tap	138 kV	Tap	12/31/06	17508.13	81-836C	Public Service of Oklahoma	TLN114:00854	In service	AEP - PSO	413026
Zunis Tap	138 kV	Tap	12/31/89	1392.91	81-501A	Public Service of Oklahoma	TLN114:0501A	In service	AEP - PSO	415903
Tulsa North 345 - GRDA No. 1 (GRDA)	345 kV			14473.08		non AEP	TLN114:0109	In service	GRDA	418487
Coffeyville Tap - City of Coffeyville B	138 kV	Tap	12/31/74	31626.46	81-826A	Oklahoma TransCo	TLN386:0826A	In service	AEP - Oklahoma TransCo	433847
Talihina - Talihina WFEC	69 kV	Line	12/31/73	9198.54	66-118A	Public Service of Oklahoma	TLN114:0118A	In service	AEP - PSO	454321
GRDA Tap to Afton	69 kV		12/31/87	3231.57	66-148	Public Service of Oklahoma	TLN114:0148	In service	AEP - PSO	455601
Clarksville 345(SWEPCO) - Muskogee(OG&E)	345 kV	Line	12/31/64	11965.13	90-921	Public Service of Oklahoma	TLN114:0921	In service	AEP - PSO	456881
141st & Pine Extension	138 kV	Extension	12/31/12	4096.23	81-586	Oklahoma TransCo	TLN386:81586	In service	AEP - Oklahoma TransCo	467137
Craig Junction - Patterson (OK)	138 kV	Line	9/30/12	12874.48	81-847	Public Service of Oklahoma	TLN114:00847	In service	AEP - PSO	469361
Oklaunion DC Tie - DC Terminal South	345 kV	Line	1/6/14	708.59	81-610	Public Service of Oklahoma	TLN114:81610	In service	AEP - PSO	474161
Oklaunion - Tuco (SPS)	345 kV	Line	12/31/82	4878.33	90-920	Public Service of Oklahoma	TLN114:0920	In service	AEP - PSO	475121
Canadian River - McAlester City	138 kV	Line	9/30/12	86558.92	81-585	Oklahoma TransCo	TLN386:81585	In service	AEP - Oklahoma TransCo	475446
Red Oak - Howe - Midland (Transco)	138 kV	Line	12/31/10	196785.78	66-121C	Oklahoma TransCo	TLN386:0121	In service	AEP - Oklahoma TransCo	476721
Sand Springs 138KV Bus Tie	138 kV	Bus tie	12/31/34	173.05	66843	Public Service of Oklahoma	PSO66843	In service	AEP - PSO	477050
Cornville - Lindsay Water Flood	69 kV	Tap	12/31/59	695	66-609A	Oklahoma TransCo	TLN386:81605	Consolidated	AEP - Oklahoma TransCo	999999
Cornville - Lindsay Water Flood	69 kV	Tap	12/31/59	888	66-609B	Oklahoma TransCo	TLN386:81605	Consolidated	AEP - Oklahoma TransCo	999999
Cornville - Lindsay Water Flood	138 kV	Line	12/31/11	173863.2	81605	Oklahoma TransCo	TLN386:81605	In service	AEP - Oklahoma TransCo	477681
Atoka Bus Tie #2	138 kV	Bus tie	12/31/48	170.14	66839	Public Service of Oklahoma	PSO66839	In service	AEP - TNC	478015
Tulsa North Bus #2	138 kV	Bus tie	7/31/13	595.88	81-601	Oklahoma TransCo	TLN386:81601	In service	AEP - Oklahoma TransCo	478332
Tipton Tap	138 kV	Tap	12/31/12	50029.79	81-589	Oklahoma TransCo	TLN386:81589	In service	AEP - Oklahoma TransCo	479282
Frederick Jct - Snyder	138 kV	Line	12/31/12	97966.31	81-588	Oklahoma TransCo	TLN386:81588	In service	AEP - Oklahoma TransCo	479601
Stonewall - Wapanucka	138 kV	Line	5/12/13	33384.49	81-604	Oklahoma TransCo	TLN386:81604	In service	AEP - Oklahoma TransCo	479603
Red Rock - Darlington	138 kV	Line	6/29/13	40125.91	81-602	Oklahoma TransCo	TLN386:81602	In service	AEP - Oklahoma TransCo	480241
Ellis Extension	138 kV	Extension	3/30/13	3890.67	81-590	Oklahoma TransCo	TLN386:81590	In service	AEP - Oklahoma TransCo	480882
Lone Oak - Weleetka	138 kV	Line	12/31/11	242927.7	81-834C	Oklahoma TransCo	TLN386:0834	In service	AEP - Oklahoma TransCo	485362
Chouteau - Tulsa Southeast	138 kV	Line	8/31/13	156489.08	81587	Oklahoma TransCo	TLN386:81587	In service	AEP - Oklahoma TransCo	502646
Cornville Bus Tie	69 kV	Bus tie	2/28/14	593.46	81-829	Public Service of Oklahoma	PSO81929TR	In service	AEP - PSO	519283
Maud (OGE) - Weleetka	138 kV	Line	12/31/12	259896.84	81591	Oklahoma TransCo	TLN386:81591	In service	AEP - Oklahoma TransCo	520577
Lehigh Extension	138 kV	Extension	3/11/15	682.32	81823B	Oklahoma TransCo	TLN386:0823B	In service	AEP - Oklahoma TransCo	532722
Martha Extension	138 kV	Extension	5/31/15	320.66	81612	Oklahoma TransCo	TLN386:81612	In service	AEP - Oklahoma TransCo	533361
Grady Extension	138 kV	Extension	8/10/14	21656.26	81-608	Oklahoma TransCo	TLN386:81608	In service	AEP - Oklahoma TransCo	572129
Grady - Rush Springs	138 kV	Line	4/27/15	30188.64	81-607	Oklahoma TransCo	TLN386:81607	In service	AEP - Oklahoma TransCo	575922
Grady - Choctaw	138 kV	Line	8/22/16	21862.34	81-621	Oklahoma TransCo	TLN386:81621	In service	AEP - Oklahoma TransCo	599921
Sand Springs - Bluebell Interconnect (OG&E)	138 kV	Line		14122.84	81-818	Public Service of Oklahoma	TLN114:0818	In service	AEP - PSO	600881
Hugo Tap	138 kV	Line	12/31/73	110940.54	81-516B	Oklahoma TransCo	TLN386:81596	In service	AEP - Oklahoma TransCo	601522
Weleetka Bus Tie to Power Plant	138 kV	Bus tie	3/16/17	1122.76	0	Public Service of Oklahoma	TLN114:0000	In service	AEP - PSO	606642
Boggy Creek - Wapanucka	138 kV	Line	6/17/14	30635.69	81-603	Oklahoma TransCo	TLN386:81603	In service	AEP - Oklahoma TransCo	607633
Darlington Road - Roman Nose	138 kV	Line	10/30/16	81921.21	81-620	Oklahoma TransCo	TLN386:81620	In service	AEP - Oklahoma TransCo	612401
Broken Bow Dam (SWPA) - Lone Oak	138 kV	Line	5/7/17	413311.67	835	Oklahoma TransCo	TLN386:0835	In service	AEP - Oklahoma TransCo	614008
Valliant - NW Texarkana	345 kV	Line	9/3/14	184172.46	90-928	Oklahoma TransCo	TLN386:90928	In service	AEP - Oklahoma TransCo	617238
Coweta Junction Tap	138 kV	Tap	12/31/14	28883.88	81-599	Oklahoma TransCo	TLN386:81599	In service	AEP - Oklahoma TransCo	617857
Leonard - OG&E Redbed Plains	138 kV	Line	5/7/17	170.4	81-682	Oklahoma TransCo	TLN386:81682	In service	AEP - PSO	618162
Pernell - OGE Prairie Point	138 kV	Line	12/3/17	27268.61	81-613	Oklahoma TransCo	TLN386:81613	In service	AEP - Oklahoma TransCo	622321
Carson Tap North	138 kV	Tap	8/2/16	523.93	81-600	Public Service of Oklahoma	TLN114:81600	In service	AEP - PSO	624881
NE SubSta. - Units 3&4 Res. Aux. Transf.	138 kV	Line	12/31/00	384	0	Public Service of Oklahoma	TLN114:0000	In service	AEP - PSO	635121
Cornville - Maud (OGE)	138 kV	Line	8/12/16	318587.63	81-593	Oklahoma TransCo	TLN386:81593	In service	AEP - Oklahoma TransCo	646641
Comanche (WFEC) - Waurika	138 kV	Line	8/23/17	74624.2	66-630	Oklahoma TransCo	TLN386:81592	In service	AEP - Oklahoma TransCo	646961
Duncan - Comanche (WFEC)	138 kV	Line	8/31/16	50701.95	81-597	Oklahoma TransCo	TLN386:81597	In service	AEP - Oklahoma TransCo	652402
Hobart Junction - Southwestern Power Station	138 kV	Line	11/13/16	87862.9	81-819	Oklahoma TransCo	TLN386:81819	In service	AEP - Oklahoma TransCo	653041
Talawanda - McAlester Industrial	138 kV	Line	7/26/15	46601.09	81-606	Oklahoma TransCo	TLN386:81606	In service	AEP - Oklahoma TransCo	654321
Texas Comanche Pump Tap	138 kV	Tap	7/6/17	29334.07	81-675	Oklahoma TransCo	TLN386:81675	In service	AEP - Oklahoma TransCo	654323
Heritage Trail Tap	138 kV	Line	6/14/17	1862.08	81-619	Oklahoma TransCo	TLN386:81619	In service	AEP - PSO	657521
Chisholm - Gracemont (OG&E)	345 kV	Line	7/24/18	317829.47	90-929	Oklahoma TransCo	TLN386:90929	In service	AEP - Oklahoma TransCo	663921
Chisholm Extension	230 kV	Line	10/31/16	3712.8	85-100	Oklahoma TransCo	TLN386:81609	In service	AEP - Oklahoma TransCo	665537
Thomas City Tap	138 kV	Tap	9/6/16	95870.78	66-622	Oklahoma TransCo	TLN386:66622	In service	AEP - Oklahoma TransCo	666162
TOSCO Refinery Tap	138 kV	Tap	10/31/16	6617.89	66-610	Oklahoma TransCo	TLN386:66610	In service	AEP - Oklahoma TransCo	678969
Walmart MDC - Ramona	69 kV	Line	12/31/00	480.09	66-147	Public Service of Oklahoma	TLN114:99999	In service	AEP - PSO	686355
Sand Springs - Tulsa Power Station	138 kV	Line	12/31/53	42033.94	81-808	Public Service of Oklahoma	TLN114:00808	In service	AEP - PSO	688577
Atoka - McAlester  	69 kV	Line	12/31/62	78571.28	66-117	Public Service of Oklahoma	TLN114:66117	In service	AEP - PSO	690485
